<?xml version="1.0" encoding="utf-8"?>
<ead xmlns="urn:isbn:1-931666-22-9" xmlns:xlink="http://www.w3.org/1999/xlink" xmlns:xsi="http://www.w3.org/2001/XMLSchema-instance" xsi:schemaLocation="urn:isbn:1-931666-22-9 http://www.loc.gov/ead/ead.xsd">
  <eadheader countryencoding="iso3166-1" dateencoding="iso8601" findaidstatus="completed" langencoding="iso639-2b" repositoryencoding="iso15511">
    <eadid countrycode="US"></eadid>
    <filedesc>
      <titlestmt>
        <titleproper type="filing">Joyner, James H. Collection</titleproper>
        <titleproper>Finding Aid for the James H. Joyner Collection</titleproper>
        <author>Joyner, James H.</author>
      </titlestmt>
      <publicationstmt>
        <publisher>Special Collections Manuscripts and Rare Books</publisher>
        <p>
          <date>1853-1887</date>
        </p>
        <address>
          <addressline>419 21st Avenue South</addressline>
          <addressline>Nashville, TN 37203-2427</addressline>
          <addressline>specialcollections@vanderbilt.edu</addressline>
          <addressline>URL:
            <extptr xlink:href="http://www.library.vanderbilt.edu/speccol/" xlink:show="new" xlink:title="http://www.library.vanderbilt.edu/speccol/" xlink:type="simple"/></addressline>
        </address>
      </publicationstmt>
    </filedesc>
    <profiledesc>
      <descrules>Describing Archives: A Content Standard</descrules>
    </profiledesc>
  </eadheader>
  <archdesc level="collection">
    <did>
      <langmaterial>
        <language langcode="eng">English</language>
      </langmaterial>
      <repository>
        <corpname>Special Collections Manuscripts and Rare Books</corpname>
      </repository>
      <unittitle>James H. Joyner Collection</unittitle>
      <!-- If MSS # is not on the finding aid, it can be found on the manuscripts register -->
      <unitid>MSS.0000</unitid>
      <!-- <unitdate> and <physdesc> are required here. The tags below have been added by me. -->
      <unitdate>1853-1887</unitdate>
      <physdesc altrender="whole">
        <extent altrender="materialtype spaceoccupied">0.07 Linear Feet</extent>
      </physdesc>
    </did>
    <scopecontent>
      <head>Scope and Contents</head>
      <p>This collection contains thirty-eight financial records related to medical services given by Dr. Joyner. These bills are mostly on small bits of paper, some of which are undated. It also contains one letter, and a land transfer document for heir
        property.</p>
    </scopecontent>
    <dsc type="othertype">
      <c01 level="series">
        <did>
          <unittitle>Correspondence</unittitle>
          <unitdate>July 1, 1862</unitdate>
        </did>
      </c01>
      <!-- <c01> tags should be consistent in the level= section within a single finding aid. If level="series" was used before, it should be here as well. "Financial Records" should thus be at the level="series". -->
      <c01 level="file">
        <did>
          <unittitle>Financial Records</unittitle>
        </did>
        <c02 level="item">
          <did>
            <!-- "1850s" is part of the title. Regardless, no <container> tag is necessary if one isn't listed, as here. -->
            <container type="folder">1850s -</container>
            <unittitle>4 bills for medical service</unittitle>
          </did>
        </c02>
        <c02 level="item">
          <did>
            <container type="folder">1860s -</container>
            <unittitle>11 bills for medical service</unittitle>
          </did>
        </c02>
        <c02 level="item">
          <did>
            <container type="folder">1870s -</container>
            <unittitle>9 bills for medical service</unittitle>
          </did>
        </c02>
        <c02 level="item">
          <did>
            <container type="folder">1880s -</container>
            <unittitle>9 bills for medical service</unittitle>
          </did>
        </c02>
        <c02 level="item">
          <did>
            <container type="folder">not dated -</container>
            <unittitle>6 bills for medical service</unittitle>
          </did>
        </c02>
      </c01>
      <c01 level="file">
        <did>
          <unittitle>Land Transfer</unittitle>
          <unitdate>Not dated</unitdate>
        </did>
      </c01>
    </dsc>
  </archdesc>
</ead>
