<?xml version="1.0" encoding="utf-8"?>
<ead xmlns="urn:isbn:1-931666-22-9" xmlns:xlink="http://www.w3.org/1999/xlink" xmlns:xsi="http://www.w3.org/2001/XMLSchema-instance" xsi:schemaLocation="urn:isbn:1-931666-22-9 http://www.loc.gov/ead/ead.xsd">
  <eadheader countryencoding="iso3166-1" dateencoding="iso8601" findaidstatus="completed" langencoding="iso639-2b" repositoryencoding="iso15511">
    <eadid countrycode="US"></eadid>
    <filedesc>
      <titlestmt>
        <titleproper type="filing">Dorothy Bethurum Loomis Papers</titleproper>
        <titleproper>Finding Aid for the Dorothy Bethurum Loomis Papers</titleproper>
        <author>Dorothy Bethurum Loomis</author>
      </titlestmt>
      <publicationstmt>
        <publisher>Special Collections Manuscripts and Rare Books</publisher>
        <p>
          <date>2012</date>
        </p>
        <address>
          <addressline>419 21st Avenue South</addressline>
          <addressline>Nashville, TN 37203-2427</addressline>
          <addressline>specialcollections@vanderbilt.edu</addressline>
          <addressline>URL:
            <extptr xlink:href="http://www.library.vanderbilt.edu/speccol/" xlink:show="new" xlink:title="http://www.library.vanderbilt.edu/speccol/" xlink:type="simple"/></addressline>
        </address>
      </publicationstmt>
    </filedesc>
    <profiledesc>
      <descrules>Describing Archives: A Content Standard</descrules>
    </profiledesc>
  </eadheader>
  <archdesc level="collection">
    <did>
      <langmaterial>
        <language langcode="eng">English</language>
      </langmaterial>
      <repository>
        <corpname>Special Collections Manuscripts and Rare Books</corpname>
      </repository>
      <unittitle>Dorothy Bethurum Loomis Papers</unittitle>
      <unitid>MSS.0266</unitid>
      <physdesc altrender="whole">
        <extent altrender="materialtype spaceoccupied">4.05 Linear Feet</extent>
      </physdesc>
      <unitdate>undated</unitdate>
    </did>
    <bioghist>
      <head>Biographical Sketch</head>
      <p>Dorothy Bethurum Loomis of Franklin, Tennessee was a Vanderbilt Alumna, Bachelor of Arts 1919 and Master of Arts 1922. She went on to obtain her doctorate from Yale University in 1930 and also studied at Oxford as a Fulbright Fellow. While at
        Vanderbilt, Loomis was a Founder&#8217;s Medalist, editor of the
        <emph render="italic">Commodore</emph>, president of the Scribblers, vice-president of the YWCA, on the
        <emph render="italic">Hustler</emph>
        staff, permanent class secretary, a member of the Kappa Alpha Theta sorority, and Phi Beta Kappa student president. After finishing her education, she taught at Randolph Macon Women&#8217;s College and at Lawrence College. In 1937 Loomis was a
        Guggenheim Fellow in England. By 1940, she accepted a position as Professor of English and head of the department at Connecticut College for Women. In 1946 she served as chairman of the English Institute. Through her professional life Loomis
        maintained her ties with Vanderbilt University, at times serving as a visiting professor. She was also a member of the Alumni Association Board of Directors, 1953-57. Through her research and dedicated scholarship, Loomis was an authority on the
        medieval and Anglo-Saxon period.</p>
    </bioghist>
    <scopecontent>
      <head>Scope and Content Note</head>
      <p>The Dorothy Bethurum Loomis papers range from material collected at the beginning of the 20<emph render="super">th</emph>
        century to those collected in the late 1980s. The first box of the collection consists of Loomis&#8217;s biographical and academic materials such as personal correspondences, newspaper clippings, photographs, and handwritten notes found in her
        papers. Also included are her academic writings/published articles. The next box consists of teaching tools such as handouts, transparencies, and translated works. Boxes 3-5 consist of Loomis&#8217;s collected papers relating to the academic
        scholarship of other Loomis family members, including photographs and articles by her husband Roger Sherman Loomis and his previous two wives, Laura Hibbard Loomis and Gertrude Schoepperle. Boxes 6-9 consist of a collection of articles written by
        other scholars on medieval studies and the Anglo-Saxon period. The series and subseries of this collection are as follows:</p>
      <list type="ordered" numeration="upperroman">
        <item>
          <emph render="bold">Biographical</emph>
          <list type="ordered" numeration="lowerroman">
            <item>Correspondence</item>
            <item>Publications</item>
            <item>Newspaper clippings</item>
            <item>Photographs</item>
            <item>Notes</item>
          </list>
        </item>
        <item>
          <emph render="bold">Academic</emph>
          <list type="ordered" numeration="lowerroman">
            <item>Articles</item>
            <item>Translated Works</item>
            <item>Teaching Tools</item>
          </list>
        </item>
        <item>
          <emph render="bold">Loomis family Academics</emph>
          <list type="ordered" numeration="lowerroman">
            <item>Roger Sherman Loomis&#8217;s Images</item>
            <item>Loomis Family Writings</item>
          </list>
        </item>
        <item>
          <emph render="bold">Other Academics&#8217; Writings</emph>
        </item>
      </list>
    </scopecontent>
    <dsc type="othertype">
      <c01 level="series">
        <did>
          <unittitle>Series I: Biographical</unittitle>
        </did>
        <c02 level="subseries">
          <did>
            <unittitle>Correspondence</unittitle>
          </did>
          <c03 level="item">
            <did>
              <container type="box">1</container>
              <container type="folder">1</container>
              <unittitle>Correspondence: Incoming: from 1920-1957</unittitle>
              <unitdate normal="1920/1957"></unitdate>
            </did>
          </c03>
          <c03 level="item">
            <did>
              <container type="box">1</container>
              <container type="folder">2</container>
              <unittitle>Correspondence: Incoming: from 1958-1962</unittitle>
              <unitdate normal="1958/1962"></unitdate>
            </did>
          </c03>
          <c03 level="item">
            <did>
              <container type="box">1</container>
              <container type="folder">3</container>
              <unittitle>Correspondence: Incoming: from 1968-1973</unittitle>
              <unitdate normal="1968/1973"></unitdate>
            </did>
          </c03>
          <c03 level="item">
            <did>
              <container type="box">1</container>
              <container type="folder">4</container>
              <unittitle>Correspondence: Incoming: from 1977-1983</unittitle>
              <unitdate normal="1977/1983"></unitdate>
            </did>
          </c03>
          <c03 level="item">
            <did>
              <container type="box">1</container>
              <container type="folder">5</container>
              <unittitle>Correspondence: Incoming: undated</unittitle>
            </did>
          </c03>
        </c02>
        <c02 level="subseries">
            <did>
              <unittitle>Publications</unittitle>
            </did>
          <c03 level="item">
            <did>
              <container type="box">1</container>
              <container type="folder">6</container>
              <unittitle>Metropolitan Museum of Art Bulletin, Summer, 1942</unittitle>
              <unitdate normal="1942"></unitdate>
            </did>
          </c03>
          <!-- Finding aid would continue in this format... -->
        </c02>
      </c01>
      <c01 level="series">
        <did>
          <unittitle>Series II: Academic</unittitle>
        </did>
        <c02 level="subseries">
          <did>
            <unittitle>Articles</unittitle>
          </did>
          <c03 level="item">
            <did>
              <container type="box">1</container>
              <container type="folder">18</container>
              <unittitle>Dorothy Bethurum, &#8220;Archbishop Wulfstan&#8217;s Commonplace Book,&#8221; December, 1942</unittitle>
            </did>
          </c03>
          <!-- The only thing that would change in further c0# format, would be that the box number would increase to 2, 3, etc. as the numbers restart. -->
        </c02>
      </c01>
    </dsc>
  </archdesc>
</ead>
